rydruserpublisherid,publisherid,publishertype,dealpublisherid,userlat,userlon
"142716683632243","17841411318206470","Facebook","17841411449838030",38.438896290034,-121.82195530124
"142716683632243","17841411318206470","Facebook","17841411449838030",38.438896290034,-121.82195530124
"142716683632243","17841411318206470","Facebook","17841411449838030",38.438896290034,-121.82195530124
"142716683632243","17841411318206470","Facebook","17841411449838030",38.438896290034,-121.82195530124
"115394106497865","17841401281033914","Facebook","17841408092690166",25.7821,-80.1986
